Name,Username
Shane Jaroch,sjaroch
Shantanu Deshmukh,sdeshmu2
Amrinder Grewal,agrewal6
Aseem Ahir,aahir
Avinash Chintareddy,achintar
Christopher Hooper,choope20
Devi Vasamsetti,dvasamse
Grant Peterson,gpeter86
Gregory Nurushev,gnurushe
Haitham Seada,hseada
Hari Prasad Miriyam,hmiriyam
Hyongju Park,hpark3
Khaled Kesmia,kkesmia
Md Sha Al Mamun,mmamun
Pramod Mathai,pmathai
Raja Ramachandran,rramac21
Rohan Arora,rarora13
Yuhai Hu,yhu60
Taj Singh,tsingh6
Adam Dejans,adejans
Vadim Bagdass,vbagdass
Prithvi Haran,pharan
Haochen Ji,hji9
Joshua Lyon,jlyon11
Blake Icabone,bicabone
Ron Dollete,rdollete
